{ "stream":"snd/sprite", "sprite": { "silence": [ 0, 100, true ], "BtnSound": [ 200, 80.31746031746029 ], "Put_1": [ 1300, 316.5079365079364 ], "Put_2": [ 2400, 368.8435374149659 ], "Put_3": [ 3500, 373.6054421768706 ], "Put_4": [ 4600, 346.93877551020427 ], "Put_5": [ 5700, 187.21088435374168 ], "Take_1": [ 6800.000000000001, 366.03174603174614 ], "Take_2": [ 7900, 111.4285714285721 ], "Win": [ 9000.000000000002, 3439.9999999999995 ], "fon": [ 13100.000000000002, 60015.62358276643 ] } }
